EVGA,EVGA GeForce GTX 1060 SC GAMING| ACX 2.0 (Single Fan)| 03G-P4-6162-KR| 3GB GDDR5| DX12 OSD Support (PXOC),Free Shipping
GIGABYTE,GIGABYTE GeForce GTX 1080 AORUS 8GB DirectX 12 GV-N1080AORUS-8GD R2 256-Bit GDDR5X PCI Express 3.0 x16 Video Card| GV-N1080AORUS-8GD R2,$4.99 Shipping
ASUS,ASUS ROG Strix Radeon RX 570 O4G Gaming OC Edition GDDR5 DP HDMI DVI VR Ready AMD Graphics Card (ROG-STRIX-RX570-O4G-GAMING),$4.99 Shipping
ZOTAC,ZOTAC GeForce GTX 1060 AMP!| ZT-P10600B-10M| 6GB GDDR5 Super Compact Dual-Fan IceStorm Cooling FREEZE Fan Stop,$4.99 Shipping
MSI,MSI Radeon RX 570 DirectX 12 RX 570 GAMING X 4G 4GB 256-Bit GDDR5 PCI Express 3.0 HDCP Ready CrossFireX Support ATX Video Card,$4.99 Shipping
XFX,XFX GTS Black Core Edition Radeon RX 580 DirectX 12 RX-580P828D6 8GB OC+ 1405 MHz XFX Custom Backplate 256-Bit DDR5 PCI Express 3.0 CrossFireX Support Video Card,$4.99 Shipping
EVGA,EVGA GeForce GTX 1070 FTW GAMING ACX 3.0| 08G-P4-6276-KR| 8GB GDDR5| RGB LED| 10CM FAN| 10 Power Phases| Double BIOS| DX12 OSD Support (PXOC),$4.99 Shipping
ZOTAC,ZOTAC GeForce GTX 1050 Ti DirectX 12 ZT-P10510A-10L 4GB 128-Bit GDDR5 PCI Express 3.0 HDCP Ready Video Card,Free Shipping
MSI,MSI Radeon RX 580 DirectX 12 RX 580 GAMING X 4G 4GB 256-Bit GDDR5 PCI Express 3.0 x16 HDCP Ready CrossFireX Support Video Card,$4.99 Shipping
ASUS,ASUS ROG GeForce GTX 1080 STRIX-GTX1080-A8G-GAMING 8GB 256-Bit GDDR5X PCI Express 3.0 HDCP Ready Video Card,$4.99 Shipping
XFX,XFX RS XXX Edition Radeon RX 570 DirectX 12 RX-570P427D6 4GB OC+ 1284 MHz XFX Custom Backplate 256-Bit DDR5 PCI Express 3.0 CrossFireX Support Video Card,$4.99 Shipping
GIGABYTE,GIGABYTE AORUS Radeon RX 570 DirectX 12 GV-RX570AORUS-4GD 4GB 256-Bit GDDR5 PCI Express 3.0 x16 ATX Video Card,$4.99 Shipping
